[
  {
    "value": "family",
    "synonyms": [
      "family",
      "kids",
      "children",
      "parents",
      "brother",
      "brothers",
      "sister",
      "sisters",
      "cousins",
      "cousin",
      "nephew",
      "niece",
      "mama",
      "papa"
    ]
  },
  {
    "value": "alone",
    "synonyms": [
      "alone",
      "myself",
      "just me",
      "yes",
      "by myself"
    ]
  },
  {
    "value": "friends",
    "synonyms": [
      "friends",
      "people i know",
      "my bro\u0027s"
    ]
  },
  {
    "value": "company",
    "synonyms": [
      "company"
    ]
  }
]