[
  {
    "id": "33593dc3-1a44-44ae-a3ef-f56fc443406c",
    "data": [
      {
        "text": "I am ",
        "userDefined": false
      },
      {
        "text": "seven",
        "alias": "number",
        "meta": "@sys.number",
        "userDefined": false
      }
    ],
    "isTemplate": false,
    "count": 0,
    "updated": 0
  },
  {
    "id": "405539d2-1a2f-4d61-9ddb-68fbcc22dd27",
    "data": [
      {
        "text": "I just had my ",
        "userDefined": false
      },
      {
        "text": "twenty-first",
        "alias": "ordinal",
        "meta": "@sys.ordinal",
        "userDefined": false
      },
      {
        "text": " birthday",
        "userDefined": false
      }
    ],
    "isTemplate": false,
    "count": 0,
    "updated": 0
  },
  {
    "id": "92703460-4fcf-46b5-b016-8fe170f316c1",
    "data": [
      {
        "text": "I am ",
        "userDefined": false
      },
      {
        "text": "ten",
        "alias": "age",
        "meta": "@sys.age",
        "userDefined": false
      },
      {
        "text": " years old",
        "userDefined": false
      }
    ],
    "isTemplate": false,
    "count": 0,
    "updated": 0
  },
  {
    "id": "40a30c07-a846-42e4-877b-4a230935b6b5",
    "data": [
      {
        "text": "eighteen",
        "alias": "age",
        "meta": "@sys.age",
        "userDefined": true
      }
    ],
    "isTemplate": false,
    "count": 0,
    "updated": 0
  },
  {
    "id": "a17c2850-ce34-4d6e-a858-bfbbfef57947",
    "data": [
      {
        "text": "twelve",
        "alias": "age",
        "meta": "@sys.age",
        "userDefined": true
      }
    ],
    "isTemplate": false,
    "count": 0,
    "updated": 0
  },
  {
    "id": "ee167486-2555-4720-936b-b53cd6cc7636",
    "data": [
      {
        "text": "eighty-four",
        "alias": "number",
        "meta": "@sys.number",
        "userDefined": false
      }
    ],
    "isTemplate": false,
    "count": 0,
    "updated": 0
  },
  {
    "id": "d04d1904-51cf-4bf0-bad1-90a5b6e3500a",
    "data": [
      {
        "text": "81",
        "alias": "number",
        "meta": "@sys.number",
        "userDefined": false
      }
    ],
    "isTemplate": false,
    "count": 0,
    "updated": 0
  },
  {
    "id": "6b306390-f375-4c3c-b8ac-590c9eb20ff7",
    "data": [
      {
        "text": "23",
        "alias": "number",
        "meta": "@sys.number",
        "userDefined": false
      }
    ],
    "isTemplate": false,
    "count": 0,
    "updated": 0
  }
]