[
  {
    "id": "700ff774-bdb6-4186-8f54-d0c8e4e00d09",
    "data": [
      {
        "text": "i got here with my ",
        "userDefined": false
      },
      {
        "text": "family",
        "alias": "travel_company",
        "meta": "@travel_company",
        "userDefined": true
      }
    ],
    "isTemplate": false,
    "count": 0,
    "updated": 0
  },
  {
    "id": "f485b544-2fbd-4c53-8b28-9dd5f30caaf6",
    "data": [
      {
        "text": "i got here ",
        "userDefined": false
      },
      {
        "text": "alone",
        "alias": "travel_company",
        "meta": "@travel_company",
        "userDefined": false
      }
    ],
    "isTemplate": false,
    "count": 0,
    "updated": 0
  },
  {
    "id": "dd0061e3-329c-45b1-afda-4a90bb47cb49",
    "data": [
      {
        "text": "i got here ",
        "userDefined": false
      },
      {
        "text": "by myself",
        "alias": "travel_company",
        "meta": "@travel_company",
        "userDefined": true
      }
    ],
    "isTemplate": false,
    "count": 0,
    "updated": 0
  },
  {
    "id": "366269e2-8d86-4b45-bf70-17f18749eab4",
    "data": [
      {
        "text": "yes",
        "alias": "travel_company",
        "meta": "@travel_company",
        "userDefined": true
      }
    ],
    "isTemplate": false,
    "count": 0,
    "updated": 0
  },
  {
    "id": "76e78b1b-1e2c-4f3e-9b6f-439e97d9d0c1",
    "data": [
      {
        "text": "i traveled with my ",
        "userDefined": false
      },
      {
        "text": "parents",
        "alias": "travel_company",
        "meta": "@travel_company",
        "userDefined": false
      }
    ],
    "isTemplate": false,
    "count": 0,
    "updated": 0
  },
  {
    "id": "66448a9b-e2c0-4661-8c0b-80e363f41d74",
    "data": [
      {
        "text": "my bro\u0027s",
        "alias": "travel_company",
        "meta": "@travel_company",
        "userDefined": false
      },
      {
        "text": " and me came together",
        "userDefined": false
      }
    ],
    "isTemplate": false,
    "count": 0,
    "updated": 0
  },
  {
    "id": "0fc388d7-1e35-498a-aaa3-e9544962ee47",
    "data": [
      {
        "text": "it\u0027s ",
        "userDefined": false
      },
      {
        "text": "just me",
        "alias": "travel_company",
        "meta": "@travel_company",
        "userDefined": false
      }
    ],
    "isTemplate": false,
    "count": 1,
    "updated": 0
  },
  {
    "id": "7413e333-f542-4734-bf6d-ace55550bf38",
    "data": [
      {
        "text": "i came ",
        "userDefined": false
      },
      {
        "text": "alone",
        "alias": "travel_company",
        "meta": "@travel_company",
        "userDefined": true
      }
    ],
    "isTemplate": false,
    "count": 0,
    "updated": 0
  },
  {
    "id": "bada99f1-3cb2-4daa-aa61-fd1d4867d738",
    "data": [
      {
        "text": "i came with my ",
        "userDefined": false
      },
      {
        "text": "family",
        "alias": "travel_company",
        "meta": "@travel_company",
        "userDefined": true
      }
    ],
    "isTemplate": false,
    "count": 0,
    "updated": 0
  },
  {
    "id": "e3f66a36-0798-4ebe-a638-3b123b621b84",
    "data": [
      {
        "text": "alone",
        "alias": "travel_company",
        "meta": "@travel_company",
        "userDefined": true
      }
    ],
    "isTemplate": false,
    "count": 0,
    "updated": 0
  }
]