[
  {
    "id": "e2405703-1232-4e4a-80dd-d003ff7f6cd6",
    "data": [
      {
        "text": "no",
        "alias": "denied",
        "meta": "@denied",
        "userDefined": false
      }
    ],
    "isTemplate": false,
    "count": 1,
    "updated": 0
  },
  {
    "id": "b4aa3b66-6c8c-445c-88bd-135e902d50d0",
    "data": [
      {
        "text": "yes",
        "alias": "confirmed",
        "meta": "@confirmed",
        "userDefined": true
      }
    ],
    "isTemplate": false,
    "count": 0,
    "updated": 0
  }
]