[
  {
    "id": "3d1a467d-d6dc-4186-8378-3dabc8df9da1",
    "data": [
      {
        "text": "i came in by ",
        "userDefined": false
      },
      {
        "text": "train",
        "alias": "any",
        "meta": "@sys.any",
        "userDefined": true
      }
    ],
    "isTemplate": false,
    "count": 0,
    "updated": 0
  },
  {
    "id": "054e924b-0ddf-4044-93d3-765c3db35efd",
    "data": [
      {
        "text": "car",
        "alias": "any",
        "meta": "@sys.any",
        "userDefined": true
      }
    ],
    "isTemplate": false,
    "count": 0,
    "updated": 0
  },
  {
    "id": "57a7162e-5457-4dba-a33d-20ac8afac499",
    "data": [
      {
        "text": "i got in via the ",
        "userDefined": false
      },
      {
        "text": "train",
        "alias": "any",
        "meta": "@sys.any",
        "userDefined": true
      }
    ],
    "isTemplate": false,
    "count": 0,
    "updated": 0
  },
  {
    "id": "fcf0b5ba-9a2c-4505-811f-1c57871d3fa1",
    "data": [
      {
        "text": "i got into netherlands with the ",
        "userDefined": false
      },
      {
        "text": "train",
        "alias": "any",
        "meta": "@sys.any",
        "userDefined": true
      }
    ],
    "isTemplate": false,
    "count": 0,
    "updated": 0
  },
  {
    "id": "c103617a-1a51-4b8f-89fe-3a3a044f725a",
    "data": [
      {
        "text": "by ",
        "userDefined": false
      },
      {
        "text": "plane",
        "alias": "any",
        "meta": "@sys.any",
        "userDefined": true
      }
    ],
    "isTemplate": false,
    "count": 0,
    "updated": 0
  },
  {
    "id": "9482c1d5-8b01-4ac6-a58d-46b324c8f349",
    "data": [
      {
        "text": "i ",
        "userDefined": false
      },
      {
        "text": "drove",
        "alias": "vehicle",
        "meta": "@vehicle",
        "userDefined": true
      },
      {
        "text": " here",
        "userDefined": false
      }
    ],
    "isTemplate": false,
    "count": 0,
    "updated": 0
  },
  {
    "id": "270e2eb6-770b-483e-9b50-e2c83dd3db48",
    "data": [
      {
        "text": "i ",
        "userDefined": false
      },
      {
        "text": "flew",
        "alias": "vehicle",
        "meta": "@vehicle",
        "userDefined": true
      },
      {
        "text": " here",
        "userDefined": false
      }
    ],
    "isTemplate": false,
    "count": 0,
    "updated": 0
  },
  {
    "id": "d604a58d-3d58-4d2e-84da-335777232d99",
    "data": [
      {
        "text": "i took the ",
        "userDefined": false
      },
      {
        "text": "train",
        "alias": "any",
        "meta": "@sys.any",
        "userDefined": true
      }
    ],
    "isTemplate": false,
    "count": 0,
    "updated": 0
  },
  {
    "id": "000b63f4-c303-4d8f-afaa-e99f0cdb2577",
    "data": [
      {
        "text": "i came by ",
        "userDefined": false
      },
      {
        "text": "train",
        "alias": "any",
        "meta": "@sys.any",
        "userDefined": true
      }
    ],
    "isTemplate": false,
    "count": 0,
    "updated": 0
  }
]