[
  {
    "id": "95e40074-fff9-4658-a1ca-59a2c9c33285",
    "data": [
      {
        "text": "no",
        "alias": "denied",
        "meta": "@denied",
        "userDefined": false
      },
      {
        "text": " i don\u0027t",
        "userDefined": false
      }
    ],
    "isTemplate": false,
    "count": 0,
    "updated": 0
  },
  {
    "id": "53d76ebb-2aa6-4870-9691-deb01ef4298a",
    "data": [
      {
        "text": "yes",
        "alias": "confirmed",
        "meta": "@confirmed",
        "userDefined": false
      },
      {
        "text": " i do",
        "userDefined": false
      }
    ],
    "isTemplate": false,
    "count": 0,
    "updated": 0
  },
  {
    "id": "50e74faf-6335-40a5-8ae5-b2544c070804",
    "data": [
      {
        "text": "no",
        "alias": "denied",
        "meta": "@denied",
        "userDefined": false
      }
    ],
    "isTemplate": false,
    "count": 0,
    "updated": 0
  },
  {
    "id": "686915bd-f5d3-47db-a2c3-75d5478d40e2",
    "data": [
      {
        "text": "yes",
        "alias": "confirmed",
        "meta": "@confirmed",
        "userDefined": false
      }
    ],
    "isTemplate": false,
    "count": 0,
    "updated": 0
  }
]