[
  {
    "id": "34c170d1-92cb-4111-8ba3-b83fe7863c30",
    "data": [
      {
        "text": "no",
        "alias": "denied",
        "meta": "@denied",
        "userDefined": false
      }
    ],
    "isTemplate": false,
    "count": 0,
    "updated": 0
  },
  {
    "id": "895d7310-8a52-4880-9e82-c0dd3fbdb6fe",
    "data": [
      {
        "text": "yes",
        "alias": "confirmed",
        "meta": "@confirmed",
        "userDefined": true
      }
    ],
    "isTemplate": false,
    "count": 0,
    "updated": 0
  }
]