[
  {
    "id": "e7c35844-d69e-4525-bd34-254e74ced5ca",
    "data": [
      {
        "text": "no",
        "alias": "denied",
        "meta": "@denied",
        "userDefined": false
      }
    ],
    "isTemplate": false,
    "count": 0,
    "updated": 0
  },
  {
    "id": "13753532-2999-4cef-a12d-04ee56857341",
    "data": [
      {
        "text": "yes",
        "alias": "confirmed",
        "meta": "@confirmed",
        "userDefined": false
      }
    ],
    "isTemplate": false,
    "count": 0,
    "updated": 0
  }
]