[
  {
    "id": "56ca3989-87fe-4b80-a1eb-021b9524e904",
    "data": [
      {
        "text": "call me ",
        "userDefined": false
      },
      {
        "text": "steven",
        "alias": "person",
        "meta": "@sys.person",
        "userDefined": true
      }
    ],
    "isTemplate": false,
    "count": 0,
    "updated": 0
  },
  {
    "id": "ab0fa8ee-ac9c-4891-bdd9-1cdb9a03c834",
    "data": [
      {
        "text": "peter",
        "alias": "person",
        "meta": "@sys.person",
        "userDefined": true
      }
    ],
    "isTemplate": false,
    "count": 0,
    "updated": 0
  },
  {
    "id": "8c0d8fa4-681d-49a9-9817-f80953bc9913",
    "data": [
      {
        "text": "you can call ",
        "userDefined": false
      },
      {
        "text": "mike",
        "alias": "person",
        "meta": "@sys.person",
        "userDefined": true
      }
    ],
    "isTemplate": false,
    "count": 0,
    "updated": 0
  },
  {
    "id": "b88125f6-f8e5-4ab0-98b2-5f0301d8a24e",
    "data": [
      {
        "text": "i am ",
        "userDefined": false
      },
      {
        "text": "mike",
        "alias": "person",
        "meta": "@sys.person",
        "userDefined": false
      }
    ],
    "isTemplate": false,
    "count": 0,
    "updated": 0
  },
  {
    "id": "965a2f76-9c64-465c-94cb-120ec037ec98",
    "data": [
      {
        "text": "my name is ",
        "userDefined": false
      },
      {
        "text": "mike",
        "alias": "person",
        "meta": "@sys.person",
        "userDefined": true
      }
    ],
    "isTemplate": false,
    "count": 0,
    "updated": 0
  }
]