[
  {
    "id": "4e6bacb8-e023-48dc-846f-99be67065da7",
    "data": [
      {
        "text": "i am from ",
        "userDefined": false
      },
      {
        "text": "germany",
        "alias": "geo-country",
        "meta": "@sys.geo-country",
        "userDefined": true
      }
    ],
    "isTemplate": false,
    "count": 0,
    "updated": 0
  },
  {
    "id": "cc4298d0-360b-4283-b6df-32022f33302c",
    "data": [
      {
        "text": "I fled from ",
        "userDefined": false
      },
      {
        "text": "Saudi Arabia",
        "alias": "geo-country",
        "meta": "@sys.geo-country",
        "userDefined": false
      }
    ],
    "isTemplate": false,
    "count": 0,
    "updated": 0
  },
  {
    "id": "f5110fda-ee92-4e95-87bd-2c0a23093ed5",
    "data": [
      {
        "text": "I grew up in ",
        "userDefined": false
      },
      {
        "text": "Palestine",
        "alias": "geo-country",
        "meta": "@sys.geo-country",
        "userDefined": false
      }
    ],
    "isTemplate": false,
    "count": 0,
    "updated": 0
  },
  {
    "id": "824d3c91-d21d-4eb4-b26e-c29a3b1e70bd",
    "data": [
      {
        "text": "I am ",
        "userDefined": false
      },
      {
        "text": "Iranian",
        "alias": "geo-country",
        "meta": "@sys.geo-country",
        "userDefined": true
      }
    ],
    "isTemplate": false,
    "count": 0,
    "updated": 0
  },
  {
    "id": "a3f21570-8b8b-4800-a31e-853bce7497bd",
    "data": [
      {
        "text": "I lived in ",
        "userDefined": false
      },
      {
        "text": "Afghanistan",
        "alias": "geo-country",
        "meta": "@sys.geo-country",
        "userDefined": false
      }
    ],
    "isTemplate": false,
    "count": 0,
    "updated": 0
  },
  {
    "id": "96519f6f-112f-4856-ae72-fc5a7892047e",
    "data": [
      {
        "text": "France",
        "alias": "geo-country",
        "meta": "@sys.geo-country",
        "userDefined": false
      }
    ],
    "isTemplate": false,
    "count": 0,
    "updated": 0
  },
  {
    "id": "ca132df1-db4a-4814-bff4-abdefb636641",
    "data": [
      {
        "text": "The ",
        "userDefined": false
      },
      {
        "text": "Netherlands",
        "alias": "geo-country",
        "meta": "@sys.geo-country",
        "userDefined": false
      }
    ],
    "isTemplate": false,
    "count": 0,
    "updated": 0
  },
  {
    "id": "d6b555d3-72c5-400f-becb-d0a88e69eafc",
    "data": [
      {
        "text": "I am from ",
        "userDefined": false
      },
      {
        "text": "Syria",
        "alias": "geo-country",
        "meta": "@sys.geo-country",
        "userDefined": false
      }
    ],
    "isTemplate": false,
    "count": 0,
    "updated": 0
  }
]