[
  {
    "id": "f46f2479-9bfa-4645-aa13-c0783e1579a5",
    "data": [
      {
        "text": "i traveled from ",
        "userDefined": false
      },
      {
        "text": "germany",
        "alias": "geo-country",
        "meta": "@sys.geo-country",
        "userDefined": true
      }
    ],
    "isTemplate": false,
    "count": 0,
    "updated": 0
  },
  {
    "id": "127749aa-1cc1-415c-847c-f9918863379b",
    "data": [
      {
        "text": "via ",
        "userDefined": false
      },
      {
        "text": "germany",
        "alias": "geo-country",
        "meta": "@sys.geo-country",
        "userDefined": true
      }
    ],
    "isTemplate": false,
    "count": 0,
    "updated": 0
  },
  {
    "id": "7b8c235a-ef85-4d91-b735-c03f69ec0891",
    "data": [
      {
        "text": "i came from ",
        "userDefined": false
      },
      {
        "text": "belgium",
        "alias": "geo-country",
        "meta": "@sys.geo-country",
        "userDefined": true
      }
    ],
    "isTemplate": false,
    "count": 0,
    "updated": 0
  },
  {
    "id": "2d21fdee-3e02-4e13-be97-2d625ea96f6e",
    "data": [
      {
        "text": "in ",
        "userDefined": false
      },
      {
        "text": "belgium",
        "alias": "geo-country",
        "meta": "@sys.geo-country",
        "userDefined": true
      }
    ],
    "isTemplate": false,
    "count": 0,
    "updated": 0
  },
  {
    "id": "9f6a0e1f-4181-420f-90a4-895d82f00e89",
    "data": [
      {
        "text": "this ",
        "userDefined": false
      },
      {
        "text": "country",
        "alias": "geo-country",
        "meta": "@sys.geo-country",
        "userDefined": true
      }
    ],
    "isTemplate": false,
    "count": 0,
    "updated": 0
  },
  {
    "id": "18ff55b1-e9b6-4631-a1b8-f9d214342d4b",
    "data": [
      {
        "text": "i first arrived ",
        "userDefined": false
      },
      {
        "text": "here",
        "alias": "geo-country",
        "meta": "@sys.geo-country",
        "userDefined": true
      }
    ],
    "isTemplate": false,
    "count": 0,
    "updated": 0
  },
  {
    "id": "29e0c8ac-7a7c-4c5a-aa37-a431a08b71e2",
    "data": [
      {
        "text": "this",
        "alias": "geo-country",
        "meta": "@sys.geo-country",
        "userDefined": true
      },
      {
        "text": " is the first country",
        "userDefined": false
      }
    ],
    "isTemplate": false,
    "count": 0,
    "updated": 0
  },
  {
    "id": "6bfaf8f1-9fed-4412-8a89-c1da542dbf6a",
    "data": [
      {
        "text": "i first arrived in ",
        "userDefined": false
      },
      {
        "text": "austria",
        "alias": "geo-country",
        "meta": "@sys.geo-country",
        "userDefined": true
      }
    ],
    "isTemplate": false,
    "count": 0,
    "updated": 0
  },
  {
    "id": "3dd257ad-2c3b-4170-8c56-92b489671cfc",
    "data": [
      {
        "text": "germany",
        "alias": "geo-country",
        "meta": "@sys.geo-country",
        "userDefined": true
      }
    ],
    "isTemplate": false,
    "count": 0,
    "updated": 0
  }
]