[
  {
    "id": "e6d6729c-aa84-4b2a-8918-569463a7042b",
    "data": [
      {
        "text": "no",
        "alias": "denied",
        "meta": "@denied",
        "userDefined": false
      }
    ],
    "isTemplate": false,
    "count": 0,
    "updated": 0
  },
  {
    "id": "e4d1989a-39ad-4ccc-9650-18a6635ef57f",
    "data": [
      {
        "text": "yes",
        "alias": "any",
        "meta": "@sys.any",
        "userDefined": false
      }
    ],
    "isTemplate": false,
    "count": 0,
    "updated": 0
  }
]